[
    {
        "name": "Overworld",
        "chest_unopened_img": "images/items/chest.png",
        "chest_opened_img": "images/items/chest_gray.png",
        "children": [
            {
                "name": "Start",
                "children": [
                    {
                        "name": "Starting Chest",
                        "access_rules": [],
                        "sections": [
                            {
                                "item_count": 1,
                                "access_rules": []
                            }
                        ],
                        "map_locations": [
                            {
                                "map": "map",
                                "x": 1494,
                                "y": 485
                            }
                        ]
                    },
                    {
                        "name": "Nayru's House",
                        "access_rules": [],
                        "sections": [
                            {
                                "item_count": 1,
                                "access_rules": []
                            }
                        ],
                        "map_locations": [
                            {
                                "map": "map",
                                "x": 1656,
                                "y": 414
                            }
                        ]
                    }
                ]
            },
            {
                "name": "Lynna/South Shore/Palace",
                "children": [
                    {
                        "name": "South Lynna Tree",
                        "chest_unopened_img": "images/items/tree.png",
                        "chest_opened_img": "images/items/tree_gray.png",
                        "access_rules": [
                            "{$lynna_city}",
                            "$use_seeds,sword",
                            "$use_seeds,$punch_object",
                            "$use_seeds,$dimitri_flute",
                            "[l_hard],$use_seeds,$bush"
                        ],
                        "sections": [
                            {
                                "item_count": 1,
                                "access_rules": []
                            }
                        ],
                        "map_locations": [
                            {
                                "map": "map",
                                "x": 1359,
                                "y": 960
                            }
                        ]
                    },
                    {
                        "name": "Black Tower",
                        "access_rules": [],
                        "sections": [
                            {
                                "name": "Black Tower Worker",
                                "item_count": 1,
                                "access_rules": [
                                    "$lynna_village"
                                ]
                            },
                            {
                                "name": "Fight Final Boss",
                                "item_count": 1,
                                "chest_unopened_img": "images/bosses/veran.png",
                                "chest_opened_img": "images/bosses/veran_gray.png",
                                "access_rules": [
                                    "makuseed"
                                ]
                            }
                        ],
                        "map_locations": [
                            {
                                "map": "map",
                                "x": 3380,
                                "y": 928
                            }
                        ]
                    },
                    {
                        "name": "Maku Tree",
                        "access_rules": [],
                        "sections": [
                            {
                                "name": "Maku Path Chest",
                                "item_count": 1,
                                "access_rules": [
                                    "$maku_tree,$k_normal",
                                    "$maku_tree,shovel",
                                    "$lynna_village,shovel"
                                ]
                            },
                            {
                                "name": "Did you get a key from the Path Chest? (Mark this)",
                                "hosted_item": "pathkey",
                                "access_rules": [
                                    "$maku_tree,$k_normal",
                                    "$maku_tree,shovel",
                                    "$lynna_village,shovel"
                                ]
                            },
                            {
                                "name": "Down the Stairs",
                                "item_count": 1,
                                "access_rules": [
                                    "$maku_tree,$k_normal",
                                    "$maku_tree,shovel",
                                    "$lynna_village,shovel,pathkey"
                                ]
                            },
                            {
                                "name": "Save Waifu",
                                "item_count": 1,
                                "access_rules": [
                                    "$maku_tree"
                                ]
                            },
                            {
                                "name": "Get Maku Seed for Go Mode",
                                "hosted_item": "makuseed",
                                "access_rules": [
                                    "$maku_seed"
                                ]
                            }
                        ],
                        "map_locations": [
                            {
                                "map": "map",
                                "x": 1360,
                                "y": 453
                            }
                        ]
                    },
                    {
                        "name": "Lynna City Chest",
                        "access_rules": [
                            "currents",
                            "emberseeds"
                        ],
                        "sections": [
                            {
                                "item_count": 1,
                                "access_rules": []
                            }
                        ],
                        "map_locations": [
                            {
                                "map": "map",
                                "x": 1464,
                                "y": 600
                            }
                        ]
                    },
                    {
                        "name": "South Shore Dirt",
                        "access_rules": [
                            "$shore_present,shovel",
                            "$shore_present,flute"
                        ],
                        "sections": [
                            {
                                "item_count": 1,
                                "access_rules": []
                            }
                        ],
                        "map_locations": [
                            {
                                "map": "map",
                                "x": 1353,
                                "y": 1192
                            }
                        ]
                    },
                    {
                        "name": "Tingle",
                        "access_rules": [
                            "$balloon_guy",
                            "[l_hard],$balloon_guy_h"
                        ],
                        "sections": [
                            {
                                "name": "Tingle's Gift",
                                "item_count": 1,
                                "access_rules": []
                            },
                            {
                                "name": "Bring 3 Seeds to Tingle",
                                "item_count": 1,
                                "access_rules": [
                                    "$use_seeds,$seed_number:3"
                                ]
                            }
                        ],
                        "map_locations": [
                            {
                                "map": "map",
                                "x": 1496,
                                "y": 950
                            }
                        ]
                    },
                    {
                        "name": "Get Raft for Sea Travel!",
                        "access_rules": [
                            "$raft"
                        ],
                        "sections": [
                            {
                                "item_count": 1,
                                "hosted_item": "raft",
                                "access_rules": []
                            }
                        ],
                        "map_locations": [
                            {
                                "map": "map",
                                "x": 3547,
                                "y": 1308
                            }
                        ]
                    },
                    {
                        "name": "Shop",
                        "access_rules": [],
                        "sections": [
                            {
                                "name": "Buy a Shield (30 Rupees)",
                                "hosted_item": "shield1",
                                "access_rules": [
                                    "$farm",
                                    "{$lynna_city}"
                                ]
                            },
                            {
                                "name": "Shop Item (150 Rupees)",
                                "item_count": 1,
                                "access_rules": [
                                    "{$lynna_city}",
                                    "[l_hard],shovel"
                                ]
                            }
                        ],
                        "map_locations": [
                            {
                                "map": "map",
                                "x": 1400,
                                "y": 788
                            }
                        ]
                    },
                    {
                        "name": "Ambi's Palace Tree",
                        "access_rules": [
                            "{$lynna_village}",
                            "$lynna_village,sword,$use_seeds",
                            "$lynna_village,$punch_object,$use_seeds"
                        ],
                        "sections": [
                            {
                                "item_count": 1,
                                "chest_unopened_img": "images/items/tree.png",
                                "chest_opened_img": "images/items/tree_gray.png",
                                "access_rules": []
                            }
                        ],
                        "map_locations": [
                            {
                                "map": "map",
                                "x": 3236,
                                "y": 320
                            }
                        ]
                    },
                    {
                        "name": "Ambi's Palace",
                        "access_rules": [],
                        "sections": [
                            {
                                "name": "Palace Chest",
                                "item_count": 1,
                                "access_rules": [
                                    "$palace_chest",
                                    "[l_hard],$palace_chest_h"
                                ]
                            },
                            {
                                "name": "Rescue Nayru",
                                "item_count": 1,
                                "access_rules": [
                                    "$rescue_nayru",
                                    "[l_hard],$rescue_nayru_h"
                                ]
                            }
                        ],
                        "map_locations": [
                            {
                                "map": "map",
                                "x": 3379,
                                "y": 12
                            }
                        ]
                    },
                    {
                        "name": "Mayor Plen's house",
                        "access_rules": [
                            "hook2"
                        ],
                        "sections": [
                            {
                                "item_count": 1,
                                "access_rules": []
                            }
                        ],
                        "map_locations": [
                            {
                                "map": "map",
                                "x": 1224,
                                "y": 663
                            }
                        ]
                    }
                ]
            },
            {
                "name": "Yoll Graveyard",
                "children": [
                    {
                        "name": "Cheval's Grave",
                        "access_rules": [
                            "$graveyard,$k_switchhook",
                            "[l_hard]$graveyard,$bomb_jump3",
                            "[l_hard],$graveyard,$k_switchook_h"
                        ],
                        "sections": [
                            {
                                "name": "Cheval's Test",
                                "item_count": 1,
                                "access_rules": [
                                    "bracelet,feather",
                                    "bracelet,flippers"
                                ]
                            },
                            {
                                "name": "Cheval's Invention",
                                "item_count": 1,
                                "access_rules": [
                                    "flippers"
                                ]
                            }
                        ],
                        "map_locations": [
                            {
                                "map": "map",
                                "x": 1800,
                                "y": 680
                            }
                        ]
                    },
                    {
                        "name": "Grave under the Tree",
                        "access_rules": [
                            "$graveyard"
                        ],
                        "sections": [
                            {
                                "item_count": 1,
                                "access_rules": []
                            }
                        ],
                        "map_locations": [
                            {
                                "map": "map",
                                "x": 2104,
                                "y": 1128
                            }
                        ]
                    },
                    {
                        "name": "Maple's Shop",
                        "access_rules": [],
                        "sections": [
                            {
                                "name": "Get Magic Potion from Shop",
                                "hosted_item": "potion",
                                "access_rules": [
                                    "$syrup",
                                    "[l_hard],$syrup_h"
                                ]
                            },
                            {
                                "name": "Farm Magic Potion from Maple flying around",
                                "hosted_item": "potion",
                                "access_rules": [
                                    "[l_hard],$k_normal_h"
                                ]
                            }
                        ],
                        "map_locations": [
                            {
                                "map": "map",
                                "x": 2200,
                                "y": 670
                            }
                        ]
                    },
                    {
                        "name": "Graveyard Poe",
                        "access_rules": [
                            "$graveyard,gravekey,bracelet"
                        ],
                        "sections": [
                            {
                                "item_count": 1,
                                "access_rules": []
                            }
                        ],
                        "map_locations": [
                            {
                                "map": "map",
                                "x": 2023,
                                "y": 950
                            }
                        ]
                    },
                    {
                        "name": "Enter Spirit's Grave (D1)",
                        "access_rules": [
                            "$d1_entrance"
                        ],
                        "sections": [
                            {
                                "item_count": 1,
                                "chest_unopened_img": "images/bosses/d1.png",
                                "chest_opened_img": "images/bosses/d1.png",
                                "access_rules": []
                            }
                        ],
                        "map_locations": [
                            {
                                "map": "map",
                                "x": 2184,
                                "y": 1057
                            }
                        ]
                    }
                ]
            },
            {
                "name": "Fairies' Woods",
                "children": [
                    {
                        "name": "Fairie's Woods Chest",
                        "access_rules": [
                            "$woods_chest",
                            "[trick],$lynna_city,hook1"
                        ],
                        "sections": [
                            {
                                "item_count": 1,
                                "access_rules": []
                            }
                        ],
                        "map_locations": [
                            {
                                "map": "map",
                                "x": 744,
                                "y": 1079
                            }
                        ]
                    },
                    {
                        "name": "Deku Forest Cave - East",
                        "access_rules": [
                            "$deku_forest"
                        ],
                        "sections": [
                            {
                                "item_count": 1,
                                "access_rules": []
                            }
                        ],
                        "map_locations": [
                            {
                                "map": "map",
                                "x": 2731,
                                "y": 919
                            }
                        ]
                    },
                    {
                        "name": "Deku Forest Cave - West",
                        "access_rules": [
                            "$deku_forest,bracelet,feather",
                            "$deku_forest,bracelet,hook1",
                            "$deku_forest,bracelet,ember",
                            "$deku_forest,bracelet,ages",
                            "$deku_forest,bracelet,$gale_satchel"
                        ],
                        "sections": [
                            {
                                "item_count": 1,
                                "access_rules": []
                            }
                        ],
                        "map_locations": [
                            {
                                "map": "map",
                                "x": 2539,
                                "y": 936
                            }
                        ]
                    },
                    {
                        "name": "Deku Forest Tree",
                        "access_rules": [
                            "{$forest_tree}",
                            "$forest_tree, $use_seeds"
                        ],
                        "sections": [
                            {
                                "item_count": 1,
                                "chest_unopened_img": "images/items/tree.png",
                                "chest_opened_img": "images/items/tree_gray.png",
                                "access_rules": []
                            }
                        ],
                        "map_locations": [
                            {
                                "map": "map",
                                "x": 2420,
                                "y": 1072
                            }
                        ]
                    },
                    {
                        "name": "Deku Forest Soldier",
                        "access_rules": [
                            "$deku_forest,$mystery"
                        ],
                        "sections": [
                            {
                                "item_count": 1,
                                "access_rules": []
                            }
                        ],
                        "map_locations": [
                            {
                                "map": "map",
                                "x": 2718,
                                "y": 998
                            }
                        ]
                    },
                    {
                        "name": "Buy a Shield (10 Rupees)",
                        "access_rules": [
                            "[trick],$deku_forest,bracelet,feather",
                            "[trick],$deku_forest,bracelet,hook1",
                            "[trick],$deku_forest,bracelet,ember",
                            "[trick],$deku_forest,bracelet,ages",
                            "[trick],$deku_forest,bracelet,$gale_satchel"
                        ],
                        "sections": [
                            {
                                "hosted_item": "shield1",
                                "access_rules": []
                            }
                        ],
                        "map_locations": [
                            {
                                "map": "map",
                                "x": 2396,
                                "y": 958
                            }
                        ]
                    },
                    {
                        "name": "Buy a Shield (30 Rupees)",
                        "access_rules": [
                            "[trick],$deku_forest,bracelet,feather",
                            "[trick],$deku_forest,bracelet,hook1",
                            "[trick],$deku_forest,bracelet,ember",
                            "[trick],$deku_forest,bracelet,ages",
                            "[trick],$deku_forest,bracelet,$gale_satchel"
                        ],
                        "sections": [
                            {
                                "hosted_item": "shield1",
                                "access_rules": []
                            }
                        ],
                        "map_locations": [
                            {
                                "map": "map",
                                "x": 2523,
                                "y": 1080
                            }
                        ]
                    },
                    {
                        "name": "Enter Wing Dungeon (D2)",
                        "access_rules": [
                            "$deku_forest,bombs",
                            "$deku_forest,currents"
                        ],
                        "sections": [
                            {
                                "item_count": 1,
                                "chest_unopened_img": "images/bosses/d2.png",
                                "chest_opened_img": "images/bosses/d2.png",
                                "access_rules": []
                            }
                        ],
                        "map_locations": [
                            {
                                "map": "map",
                                "x": 2908,
                                "y": 1052
                            },
                            {
                                "map": "map",
                                "x": 568,
                                "y": 1052
                            }
                        ]
                    }
                ]
            },
            {
                "name": "Crescent Island",
                "children": [
                    {
                        "name": "Tokay Crystal Cave",
                        "access_rules": [
                            "$tokaycrystalcave"
                        ],
                        "sections": [
                            {
                                "item_count": 1,
                                "access_rules": []
                            }
                        ],
                        "map_locations": [
                            {
                                "map": "map",
                                "x": 4124,
                                "y": 1412
                            }
                        ]
                    },
                    {
                        "name": "Tokay Bomb Cave",
                        "access_rules": [
                            "$tokaybombcave"
                        ],
                        "sections": [
                            {
                                "item_count": 1,
                                "access_rules": []
                            }
                        ],
                        "map_locations": [
                            {
                                "map": "map",
                                "x": 4444,
                                "y": 1559
                            }
                        ]
                    },
                    {
                        "name": "Wild Tokay Game",
                        "access_rules": [
                            "$tokaygame"
                        ],
                        "sections": [
                            {
                                "name": "Hungry Hungry Tokays!",
                                "item_count": 1,
                                "access_rules": []
                            }
                        ],
                        "map_locations": [
                            {
                                "map": "map",
                                "x": 4444,
                                "y": 1431
                            }
                        ]
                    },
                    {
                        "name": "Crescent Island Tree",
                        "access_rules": [
                            "{$crescenttree,turninseedling}",
                            "$crescenttree,turninseedling,$use_seeds"
                        ],
                        "sections": [
                            {
                                "item_count": 1,
                                "chest_unopened_img": "images/items/tree.png",
                                "chest_opened_img": "images/items/tree_gray.png",
                                "access_rules": []
                            }
                        ],
                        "map_locations": [
                            {
                                "map": "map",
                                "x": 1984,
                                "y": 1343
                            }
                        ]
                    },
                    {
                        "name": "Turn in Seedling to Tokay",
                        "access_rules": [
                            "$crescenttree,seedling"
                        ],
                        "sections": [
                            {
                                "hosted_item": "turninseedling",
                                "access_rules": []
                            }
                        ],
                        "map_locations": [
                            {
                                "map": "map",
                                "x": 4347,
                                "y": 1334
                            }
                        ]
                    },
                    {
                        "name": "Enter Moonlit Grotto (D3)",
                        "access_rules": [
                            "$d3_entrance"
                        ],
                        "sections": [
                            {
                                "chest_unopened_img": "images/bosses/d3.png",
                                "chest_opened_img": "images/bosses/d3.png"
                            }
                        ],
                        "map_locations": [
                            {
                                "map": "map",
                                "x": 1688,
                                "y": 1488
                            }
                        ]
                    },
                    {
                        "name": "Hidden Tokay Cave",
                        "access_rules": [
                            "$lynna_city,mermaid"
                        ],
                        "sections": [
                            {
                                "item_count": 1,
                                "access_rules": []
                            }
                        ],
                        "map_locations": [
                            {
                                "map": "map",
                                "x": 3915,
                                "y": 1735
                            }
                        ]
                    },
                    {
                        "name": "Under Crescent Island",
                        "access_rules": [
                            "$lynna_city,mermaid"
                        ],
                        "sections": [
                            {
                                "item_count": 1,
                                "access_rules": []
                            }
                        ],
                        "map_locations": [
                            {
                                "map": "map",
                                "x": 1984,
                                "y": 1265
                            }
                        ]
                    },
                    {
                        "name": "Tokay Pot Cave",
                        "access_rules": [
                            "$crescentpast,hook2"
                        ],
                        "sections": [
                            {
                                "item_count": 1,
                                "access_rules": []
                            }
                        ],
                        "map_locations": [
                            {
                                "map": "map",
                                "x": 4443,
                                "y": 1719
                            }
                        ]
                    }
                ]
            },
            {
                "name": "Nuun Highlands/Symmetry City/Talus Peaks",
                "children": [
                    {
                        "name": "Check Nuun Highlands and talk to Foreman to start Carpenter Quest and build the Bridge!",
                        "access_rules": [
                            "$nuun"
                        ],
                        "sections": [
                            {
                                "name": "Note: Move down one screen and compare your screen to the ones in the `Animal Companion Maps` tab",
                                "hosted_item": "carpenterboss",
                                "access_rules": []
                            }
                        ],
                        "map_locations": [
                            {
                                "map": "map",
                                "x": 872,
                                "y": 351
                            }
                        ]
                    },
                    // Moosh Carpenters
                    {
                        "name": "Carpenter 1",
                        "access_rules": [
                            "$moosh_flute,carpenterboss",
                            "nuun_moosh,currents,carpenterboss"
                        ],
                        "sections": [
                            {
                                "name": "(4,7)",
                                "visibility_rules": [
                                    "nuun_moosh"
                                ],
                                "hosted_item": "carpenter1",
                                "access_rules": []
                            }
                        ],
                        "map_locations": [
                            {
                                "map": "animal_regions",
                                "x": 1176,
                                "y": 103
                            }
                        ]
                    },
                    {
                        "name": "Carpenter 2",
                        "access_rules": [
                            "$moosh_flute,carpenterboss",
                            "nuun_moosh,currents,carpenterboss"
                        ],
                        "sections": [
                            {
                                "name": "(5,7)",
                                "visibility_rules": [
                                    "nuun_moosh"
                                ],
                                "hosted_item": "carpenter2",
                                "access_rules": []
                            }
                        ],
                        "map_locations": [
                            {
                                "map": "animal_regions",
                                "x": 1400,
                                "y": 102
                            }
                        ]
                    },
                    {
                        "name": "Carpenter 3",
                        "access_rules": [
                            "$moosh_flute,carpenterboss",
                            "nuun_moosh,currents,carpenterboss"
                        ],
                        "sections": [
                            {
                                "name": "(8,7)",
                                "visibility_rules": [
                                    "nuun_moosh"
                                ],
                                "hosted_item": "carpenter3",
                                "access_rules": []
                            }
                        ],
                        "map_locations": [
                            {
                                "map": "animal_regions",
                                "x": 1350,
                                "y": 230
                            }
                        ]
                    },
                    // Ricky Carpenters
                    {
                        "name": "Carpenter 1",
                        "access_rules": [
                            "$ricky_flute,carpenterboss",
                            "nuun_ricky,currents,carpenterboss"
                        ],
                        "sections": [
                            {
                                "name": "(4,3)",
                                "visibility_rules": [
                                    "nuun_ricky"
                                ],
                                "hosted_item": "carpenter1",
                                "access_rules": []
                            }
                        ],
                        "map_locations": [
                            {
                                "map": "animal_regions",
                                "x": 231,
                                "y": 6
                            }
                        ]
                    },
                    {
                        "name": "Carpenter 2",
                        "access_rules": [
                            "$ricky_flute,carpenterboss",
                            "nuun_ricky,currents,carpenterboss"
                        ],
                        "sections": [
                            {
                                "name": "(4,7)",
                                "visibility_rules": [
                                    "nuun_ricky"
                                ],
                                "hosted_item": "carpenter2",
                                "access_rules": []
                            }
                        ],
                        "map_locations": [
                            {
                                "map": "animal_regions",
                                "x": 232,
                                "y": 167
                            }
                        ]
                    },
                    {
                        "name": "Carpenter 3",
                        "access_rules": [
                            "$ricky_flute,carpenterboss",
                            "nuun_ricky,currents,carpenterboss"
                        ],
                        "sections": [
                            {
                                "name": "(5,3)",
                                "visibility_rules": [
                                    "nuun_ricky"
                                ],
                                "hosted_item": "carpenter3",
                                "access_rules": []
                            }
                        ],
                        "map_locations": [
                            {
                                "map": "animal_regions",
                                "x": 393,
                                "y": 231
                            }
                        ]
                    },
                    // Dimitri Carpenters
                    {
                        "name": "Carpenter 1",
                        "access_rules": [
                            "$dimitri_flute,carpenterboss",
                            "nuun_dimitri,currents,carpenterboss"
                        ],
                        "sections": [
                            {
                                "name": "(6,5)",
                                "visibility_rules": [
                                    "nuun_dimitri"
                                ],
                                "hosted_item": "carpenter1",
                                "access_rules": []
                            }
                        ],
                        "map_locations": [
                            {
                                "map": "animal_regions",
                                "x": 872,
                                "y": 70
                            }
                        ]
                    },
                    {
                        "name": "Carpenter 2",
                        "access_rules": [
                            "$dimitri_flute,carpenterboss",
                            "nuun_dimitri,currents,carpenterboss"
                        ],
                        "sections": [
                            {
                                "name": "(9,6)",
                                "visibility_rules": [
                                    "nuun_dimitri"
                                ],
                                "hosted_item": "carpenter1",
                                "access_rules": []
                            }
                        ],
                        "map_locations": [
                            {
                                "map": "animal_regions",
                                "x": 919,
                                "y": 344
                            }
                        ]
                    },
                    {
                        "name": "Carpenter 3",
                        "access_rules": [
                            "$dimitri_flute,carpenterboss",
                            "nuun_dimitri,currents,carpenterboss"
                        ],
                        "sections": [
                            {
                                "name": "(5,3)",
                                "visibility_rules": [
                                    "nuun_dimitri"
                                ],
                                "hosted_item": "carpenter1",
                                "access_rules": []
                            }
                        ],
                        "map_locations": [
                            {
                                "map": "animal_regions",
                                "x": 712,
                                "y": 166
                            }
                        ]
                    },
                    {
                        "name": "Nuun Cave (Check `Animal Companion Maps` Tab for exact location",
                        "access_rules": [
                            "$nuuncave"
                        ],
                        "sections": [
                            {
                                "item_count": 1,
                                "visibility_rules": [
                                    "nuun_ricky"
                                ],
                                "access_rules": []
                            }
                        ],
                        "map_locations": [
                            {
                                "map": "map",
                                "x": 1207,
                                "y": 343
                            },
                            {
                                "map": "animal_regions",
                                "x": 407,
                                "y": 214
                            }
                        ]
                    },
                    {
                        "name": "Nuun Cave (Check `Animal Companion Maps` Tab for exact location",
                        "access_rules": [
                            "$nuuncave"
                        ],
                        "sections": [
                            {
                                "item_count": 1,
                                "visibility_rules": [
                                    "nuun_dimitri"
                                ],
                                "access_rules": []
                            }
                        ],
                        "map_locations": [
                            {
                                "map": "map",
                                "x": 1207,
                                "y": 343
                            },
                            {
                                "map": "animal_regions",
                                "x": 831,
                                "y": 278
                            }
                        ]
                    },
                    {
                        "name": "Nuun Cave (Check `Animal Companion Maps` Tab for exact location",
                        "access_rules": [
                            "$nuuncave"
                        ],
                        "sections": [
                            {
                                "item_count": 1,
                                "visibility_rules": [
                                    "nuun_moosh"
                                ],
                                "access_rules": []
                            }
                        ],
                        "map_locations": [
                            {
                                "map": "map",
                                "x": 1207,
                                "y": 343
                            },
                            {
                                "map": "animal_regions",
                                "x": 1335,
                                "y": 310
                            }
                        ]
                    },
                    {
                        "name": "Symmetry City Tree",
                        "access_rules": [
                            "{$symmetrytree}",
                            "$symmetrytree, $use_seeds",
                            "{[l_hard],$symmetrytree_h}",
                            "[l_hard],$symmetrytree_h, $use_seeds"
                        ],
                        "sections": [
                            {
                                "item_count": 1,
                                "access_rules": []
                            }
                        ],
                        "map_locations": [
                            {
                                "map": "map",
                                "x": 559,
                                "y": 192
                            }
                        ]
                    },
                    {
                        "name": "Symmetry City Brothers",
                        "access_rules": [
                            "$symmetrypast"
                        ],
                        "sections": [
                            {
                                "name": "first talk to a sister, then the two brothers to the NE/NW",
                                "item_count": 1,
                                "access_rules": []
                            }
                        ],
                        "map_locations": [
                            {
                                "map": "map",
                                "x": 2900,
                                "y": 192
                            }
                        ]
                    },
                    {
                        "name": "Tokkey's Composition",
                        "access_rules": [
                            "$symmetrypast,flippers"
                        ],
                        "sections": [
                            {
                                "item_count": 1,
                                "access_rules": []
                            }
                        ],
                        "map_locations": [
                            {
                                "map": "map",
                                "x": 2636,
                                "y": 23
                            }
                        ]
                    },
                    {
                        "name": "Patch Tuninut",
                        "access_rules": [
                            "$wallpatch,tuninut",
                            "[l_hard],$wallpatch_h,tuninut"
                        ],
                        "sections": [
                            {
                                "name": "Climb the wall to restore the tuninut",
                                "hosted_item": "repairednut",
                                "access_rules": []
                            }
                        ],
                        "map_locations": [
                            {
                                "map": "map",
                                "x": 2900,
                                "y": 450
                            }
                        ]
                    },
                    {
                        "name": "Talus Peaks Chest",
                        "access_rules": [
                            "$restorationwall"
                        ],
                        "sections": [
                            {
                                "item_count": 1,
                                "access_rules": []
                            }
                        ],
                        "map_locations": [
                            {
                                "map": "map",
                                "x": 520,
                                "y": 791
                            }
                        ]
                    },
                    {
                        "name": "Enter Skull Dungeon (D4)",
                        "access_rules": [
                            "$d4_entrance",
                            "[l_hard],$d4_entrance_h"
                        ],
                        "sections": [
                            {
                                "chest_unopened_img": "images/bosses/d4.png",
                                "chest_opened_img": "images/bosses/d4.png",
                                "access_rules": []
                            }
                        ],
                        "map_locations": [
                            {
                                "map": "map",
                                "x": 559,
                                "y": 50
                            }
                        ]
                    }
                ]
            },
            {
                "name": "Rolling Ridge West",
                "children": [
                    {
                        "name": "Free the Goron Elder",
                        "access_rules": [
                            "bombflower, feather, hook1",
                            "bombflower, ages, hook1"
                        ],
                        "sections": [
                            {
                                "item_count": 1,
                                "access_rules": []
                            }
                        ],
                        "map_locations": [
                            {
                                "map": "map",
                                "x": 3724,
                                "y": 295
                            }
                        ]
                    },
                    {
                        "name": "Rolling Ridge Entrance",
                        "access_rules": [
                            "$west_ridge_present"
                        ],
                        "sections": [
                            {
                                "name": "Goron's Hiding Place (Bombwall)",
                                "access_rules": [
                                    "bombs"
                                ],
                                "item_count": 1
                            },
                            {
                                "name": "1F Terrace chest",
                                "item_count": 1
                            },
                            {
                                "name": "3F Surface stairs",
                                "item_count": 1
                            },
                        ],
                        "map_locations": [
                            {
                                "map": "map",
                                "x": 1383,
                                "y": 295
                            },
                            {
                                "map": "map",
                                "x": 1351,
                                "y": 135
                            }
                        ]
                    },
                    {
                        "name": "Rolling Ridge Tree (West)",
                        "access_rules": [
                            "{bombflower, feather, hook1}",
                            "bombflower, feather, hook1, $use_seeds",
                            "{currents, feather, hook1, bracelet}",
                            "currents, feather, hook1, $use_seeds, bracelet",
                            "{$west_ridge_present, bracelet, echoes}",
                            "$west_ridge_present, bracelet, echoes, $use_seeds",
                            "{$west_ridge_present, ages}",
                            "$west_ridge_present, ages, $use_seeds"
                        ],
                        "sections": [
                            {
                                "chest_unopened_img": "images/items/tree.png",
                                "chest_opened_img": "images/items/tree_gray.png",
                                "access_rules": []
                            }
                        ],
                        "map_locations": [
                            {
                                "map": "map",
                                "x": 3683,
                                "y": 50
                            }
                        ]
                    },
                    {
                        "name": "Moblin Keep",
                        "access_rules": [
                            "$west_ridge_present",
                        ],
                        "sections": [
                            {
                                "name": "Lower floor chest",
                                "access_rules": [
                                    "feather, flippers"
                                ],
                                "item_count": 1
                            },
                            {
                                "name": "Defeat the boss",
                                "access_rules": [
                                    "$pegasus_satchel, bracelet"
                                ],
                                "item_count": 1
                            },
                        ],
                        "map_locations": [
                            {
                                "map": "map",
                                "x": 1528,
                                "y": 58
                            }
                        ]
                    },
                    {
                        "name": "Enter Crown Dungeon (D5)",
                        "access_rules": [
                            // Vanilla way, by beating Moblin Keep
                            "$west_ridge_present, $pegasus_satchel, bracelet, feather, crownkey",
                            // From East Ridge
                            "$lynna_village, feather, mermaid, hook1, bracelet, currents, crownkey",
                            "$lynna_village, ages, mermaid, hook1, crownkey"
                        ],
                        "sections": [
                            {
                                "chest_unopened_img": "images/bosses/d5.png",
                                "chest_opened_img": "images/bosses/d5.png",
                                "access_rules": []
                            }
                        ],
                        "map_locations": [
                            {
                                "map": "map",
                                "x": 1720,
                                "y": 23
                            }
                        ]
                    },
                ]
            },
            {
                "name": "Rolling Ridge East (Present)",
                "children": [
                    {
                        "name": "Goron caves (present)",
                        "sections": [
                            {
                                "name": "Goron Dancing",
                                "access_rules": [
                                    //from Lynna, swimming
                                    "$lynna_village, feather, mermaid, currents",
                                    "$lynna_village, ages, mermaid",
                                    //from the upper cave
                                    "$west_ridge_present, $pegasus_satchel, bracelet, feather"
                                ],
                                "item_count": 1
                            },
                            {
                                "name": "Trade the Brisket with the stairs Goron",
                                "access_rules": [
                                    //from Lynna, swimming
                                    "$lynna_village, feather, mermaid, currents, emblem, brisket",
                                    "$lynna_village, ages, mermaid, emblem, brisket",
                                    //from the upper cave
                                    "$west_ridge_present, $pegasus_satchel, bracelet, feather, emblem, brisket"
                                ],
                                "item_count": 1
                            },
                            {
                                "name": "Diamonds Chest",
                                "access_rules": [
                                    //from Lynna, swimming
                                    "$lynna_village, feather, mermaid, currents, hook1",
                                    "$lynna_village, feather, mermaid, currents, emblem, $jump3",
                                    "$lynna_village, ages, mermaid, hook1",
                                    //from the upper cave, requires emblem
                                    "$west_ridge_present, $pegasus_satchel, bracelet, feather, currents, hook1",
                                    "$west_ridge_present, $pegasus_satchel, bracelet, feather, currents, $jump3"
                                ],
                                "item_count": 1
                            },
                            {
                                "name": "Big Bang minigame",
                                "access_rules": [
                                    //from Lynna, swimming
                                    "$lynna_village, feather, mermaid, currents, hook1, goronade",
                                    "$lynna_village, feather, mermaid, currents, emblem, goronade",
                                    "$lynna_village, ages, mermaid, hook1, goronade",
                                    //from the upper cave, requires emblem
                                    "$west_ridge_present, $pegasus_satchel, bracelet, feather, currents, hook1, goronade",
                                    "$west_ridge_present, $pegasus_satchel, bracelet, feather, currents, $jump3, goronade"
                                ],
                                "item_count": 1
                            },
                            {
                                "name": "Highest floor chest",
                                "access_rules": [
                                    //from Lynna, swimming
                                    "$lynna_village, feather, mermaid, currents, hook1",
                                    "$lynna_village, feather, mermaid, currents, emblem",
                                    "$lynna_village, ages, mermaid, hook1",
                                    //from the upper cave, requires emblem
                                    "$west_ridge_present, $pegasus_satchel, bracelet, feather, currents, hook1",
                                    "$west_ridge_present, $pegasus_satchel, bracelet, feather, currents, $jump3"
                                ],
                                "item_count": 1
                            },
                        ],
                        "map_locations": [
                            {
                                "map": "map",
                                "x": 2200,
                                "y": 423
                            },
                            {
                                "map": "map",
                                "x": 1976,
                                "y": 200
                            }
                        ]
                    },
                    {
                        "name": "Target Carts Minigame",
                        "access_rules": [
                            //from Lynna, swimming
                            "$lynna_village, feather, mermaid, currents, hook1, currents",
                            "$lynna_village, ages, mermaid, hook1",
                            //from Moblin cave
                            "$west_ridge_present, $pegasus_satchel, bracelet, feather, hook1, currents"
                        ],
                        "sections": [
                            {
                                "name": "First reward",
                                "item_count": 1
                            },
                            {
                                "name": "Second reward",
                                "item_count": 1
                            },
                        ],
                        "map_locations": [
                            {
                                "map": "map",
                                "x": 2135,
                                "y": 151
                            }
                        ]
                    },
                    {
                        "name": "Left of D6 Entrance",
                        "access_rules": [
                            "$lynna_village, feather, mermaid, currents",
                            "$lynna_village, ages, mermaid"
                        ],
                        "sections": [
                            {
                                "name": "Underwater chest",
                                "item_count": 1
                            },
                        ],
                        "map_locations": [
                            {
                                "map": "map",
                                "x": 1935,
                                "y": 395
                            }
                        ]
                    },
                    {
                        "name": "Enter Mermaid's Cave [Present] (D6)",
                        "access_rules": [
                            //from Lynna, swimming
                            "d6keypresent, $lynna_village, feather, mermaid, currents",
                            "d6keypresent, $lynna_village, ages, mermaid",
                            //from the upper cave
                            "d6keypresent, $west_ridge_present, $pegasus_satchel, bracelet, feather"
                        ],
                        "sections": [
                            {
                                "item_count": 1
                            }
                        ],
                        "map_locations": [
                            {
                                "map": "map",
                                "x": 1991,
                                "y": 439
                            }
                        ]
                    }
                ]
            },
            {
                "name": "Rolling Ridge East (Past)",
                "children": [
                    {
                        "name": "Goron caves (past)",
                        "sections": [
                            {
                                "name": "Goron Dancing with the Letter",
                                "access_rules": [
                                    //from Lynna, swimming
                                    "$lynna_village, feather, mermaid, letter",
                                    "$lynna_village, ages, mermaid, letter",
                                    //from the upper cave, requires emblem
                                    "$west_ridge_present, $pegasus_satchel, bracelet, feather, echoes, letter"
                                ],
                                "item_count": 1
                            },
                            {
                                "name": "Trade the Vase with the stairs Goron",
                                "access_rules": [
                                    //from Lynna, swimming
                                    "$lynna_village, feather, mermaid, emblem, vase",
                                    "$lynna_village, ages, mermaid, emblem, vase",
                                    //from the upper cave, requires emblem
                                    "$west_ridge_present, $pegasus_satchel, bracelet, feather, echoes, emblem, vase"
                                ],
                                "item_count": 1
                            },
                            {
                                "name": "Bush Room Chest",
                                "access_rules": [
                                    //from Lynna, swimming
                                    "$lynna_village, feather, mermaid, hook1",
                                    "$lynna_village, ages, mermaid, hook1",
                                    //from the upper cave, requires emblem
                                    "$west_ridge_present, $pegasus_satchel, bracelet, feather, echoes, hook1"
                                ],
                                "item_count": 1
                            },
                            {
                                "name": "Trade Lava Juice with the bush Goron",
                                "access_rules": [
                                    //from Lynna, swimming
                                    "$lynna_village, feather, mermaid, hook1, lavajuice",
                                    "$lynna_village, feather, mermaid, emblem, lavajuice",
                                    "$lynna_village, ages, mermaid, hook1, lavajuice",
                                    //from the upper cave, requires emblem
                                    "$west_ridge_present, $pegasus_satchel, bracelet, feather, echoes, hook1, lavajuice",
                                    "$west_ridge_present, $pegasus_satchel, bracelet, feather, ages, lavajuice"
                                ],
                                "item_count": 1
                            },
                        ],
                        "map_locations": [
                            {
                                "map": "map",
                                "x": 4540,
                                "y": 423
                            },
                            {
                                "map": "map",
                                "x": 4316,
                                "y": 199
                            }
                        ]
                    },
                    {
                        "name": "East Ridge base",
                        "access_rules": [
                            //from Lynna, swimming
                            "$lynna_village, feather, mermaid",
                            "$lynna_village, ages, mermaid",
                            //from the upper cave, requires emblem
                            "$west_ridge_present, $pegasus_satchel, bracelet, feather"
                        ],
                        "sections": [
                            {
                                "name": "Bombs Chest",
                                "access_rules": [
                                    "bombs"
                                ],
                                "item_count": 1
                            },
                            {
                                "name": "Diamonds Chest",
                                "access_rules": [
                                    "hook1"
                                ],
                                "item_count": 1
                            },
                        ],
                        "map_locations": [
                            {
                                "map": "map",
                                "x": 4156,
                                "y": 295
                            },
                            {
                                "map": "map",
                                "x": 4331,
                                "y": 87
                            }
                        ]
                    },
                    {
                        "name": "Goron Head Cave",
                        "access_rules": [
                            //from Lynna, swimming
                            "$lynna_village, feather, mermaid, hook1, bombs",
                            "$lynna_village, ages, mermaid, hook1, bombs",
                            //from the upper cave, requires emblem
                            "$west_ridge_present, $pegasus_satchel, bracelet, feather, bombs"
                        ],
                        "sections": [
                            {
                                "item_count": 1,
                                "access_rules": []
                            }
                        ],
                        "map_locations": [
                            {
                                "map": "map",
                                "x": 4460,
                                "y": 87
                            }
                        ]
                    },
                    {
                        "name": "Shooting gallery",
                        "access_rules": [
                            //from Lynna, swimming
                            "$lynna_village, feather, mermaid, currents, hook1, sword, bracelet",
                            "$lynna_village, ages, mermaid, hook1, sword",
                            //from Moblin cave
                            "$west_ridge_present, $pegasus_satchel, bracelet, feather, currents, hook1, sword"
                        ],
                        "sections": [
                            {
                                "name": "100 points",
                                "item_count": 1
                            },
                            {
                                "name": "200 points\n(get bombs out of logic)",
                                "access_rules": [
                                    "[bombs]"
                                ],
                                "hosted_item": "bombs"
                            }
                        ],
                        "map_locations": [
                            {
                                "map": "map",
                                "x": 4475,
                                "y": 151
                            }
                        ]
                    },
                    {
                        "name": "East Rolling Ridge tree",
                        "color": "#ff7700",
                        "access_rules": [
                            //from Lynna, swimming
                            "{$lynna_village, feather, mermaid, currents, hook1}",
                            "$lynna_village, feather, mermaid, currents, hook1, $use_seeds, bracelet",
                            "{$lynna_village, ages, mermaid, hook1}",
                            "$lynna_village, ages, mermaid, hook1, $use_seeds",
                            "{$lynna_village, feather, mermaid, hook1, satchel, galeseeds}",
                            "$lynna_village, feather, mermaid, hook1, satchel, galeseeds, $use_seeds",
                            "{$lynna_village, feather, mermaid, emblem, satchel, galeseeds}",
                            "$lynna_village, feather, mermaid, emblem, satchel, galeseeds, $use_seeds",
                            //from Moblin cave
                            "{$west_ridge_present, $pegasus_satchel, bracelet, feather, currents, hook1}",
                            "$west_ridge_present, $pegasus_satchel, bracelet, feather, currents, hook1, $use_seeds",
                            "{$west_ridge_present, $pegasus_satchel, bracelet, feather, satchel, galeseeds}",
                            "$west_ridge_present, $pegasus_satchel, bracelet, feather, satchel, galeseeds, $use_seeds"
                        ],
                        "sections": [
                            {
                                "access_rules": [],
                                "chest_unopened_img": "images/items/tree.png",
                                "chest_opened_img": "images/items/tree_gray.png"
                            }
                        ],
                        "map_locations": [
                            {
                                "map": "map",
                                "x": 4532,
                                "y": 336
                            }
                        ]
                    },
                    {
                        "name": "Enter Mermaid's Cave [Past] (D6)",
                        "access_rules": [
                            //from Lynna, swimming
                            "d6keypast, $lynna_village, feather, mermaid",
                            "d6keypast, $lynna_village, ages, mermaid",
                            //from the upper cave, requires emblem?
                            "d6keypast, $west_ridge_present, $pegasus_satchel, bracelet, feather, echoes, flippers"
                        ],
                        "sections": [
                            {
                                "chest_unopened_img": "images/bosses/d6.png",
                                "chest_opened_img": "images/bosses/d6.png"
                            }
                        ],
                        "map_locations": [
                            {
                                "map": "map",
                                "x": 4331,
                                "y": 425
                            }
                        ]
                    }
                ]
            },
            {
                "name": "Zora Village/Zora Seas",
                "access_rules": [
                    "mermaid, ages, hook1"
                ],
                "children": [
                    {
                        "name": "Isolated Chest",
                        "access_rules": [],
                        "sections": [
                            {
                                "item_count": 1,
                                "access_rules": []
                            }
                        ],
                        "map_locations": [
                            {
                                "map": "map",
                                "x": 56,
                                "y": 1559
                            }
                        ]
                    },
                    {
                        "name": "Zora Village Tree (Past & Present)",
                        "access_rules": [
                            "{$zoratree}",
                            "$zoratree, $use_seeds"
                        ],
                        "sections": [
                            {
                                "chest_unopened_img": "images/items/tree.png",
                                "chest_opened_img": "images/items/tree_gray.png"
                            }
                        ],
                        "map_locations": [
                            {
                                "map": "map",
                                "x": 256,
                                "y": 1584
                            },
                            {
                                "map": "map",
                                "x": 2596,
                                "y": 1584
                            }
                        ]
                    },
                    {
                        "name": "Island Chest in the Sarcophagus",
                        "access_rules": [
                            "bombs, lift2"
                        ],
                        "sections": [
                            {
                                "item_count": 1,
                                "access_rules": []
                            }
                        ],
                        "map_locations": [
                            {
                                "map": "map",
                                "x": 56,
                                "y": 1287
                            }
                        ]
                    },
                    {
                        "name": "Zora Palace (Present)",
                        "sections": [
                            {
                                "name": "Entrance chest",
                                "item_count": 1
                            },
                            {
                                "name": "King Zora gift for curing him in the past",
                                "access_rules": [
                                    // Access to Syrup's Shop in Yoll Graveyard to buy a potion
                                    "$use_seeds, emberseeds, [gravekey], flippers, curezora",
                                    "$use_seeds, emberseeds, [gravekey], $jump3, curezora"
                                ],
                                "item_count": 1
                            },
                            {
                                "name": "King Zora Permission to enter Jabu",
                                "access_rules": [
                                    "$use_seeds, emberseeds, [gravekey], flippers, curefairy, curezora",
                                    "$use_seeds, emberseeds, [gravekey], $jump3, curefairy, curezora"
                                ],
                                "hosted_item": "enterjabu",
                                "item_count": 0
                            }
                        ],
                        "map_locations": [
                            {
                                "map": "map",
                                "x": 241,
                                "y": 1386
                            }
                        ]
                    },
                    {
                        "name": "Zora Palace (Past)",
                        "sections": [
                            {
                                "name": "Cure King Zora in the past\n(use magic potion from Maple's shop)",
                                "access_rules": [
                                    // Access to Syrup's Shop in Yoll Graveyard to buy a potion
                                    "$use_seeds, emberseeds, [gravekey], flippers, potion",
                                    "$use_seeds, emberseeds, [gravekey], $jump3, potion"
                                ],
                                "hosted_item": "curezora"
                            }
                        ],
                        "map_locations": [
                            {
                                "map": "map",
                                "x": 2581,
                                "y": 1386
                            }
                        ]
                    },
                    {
                        "name": "Cure the cursed Fairy",
                        "color": "#ff7700",
                        "sections": [
                            {
                                "hosted_item": "curefairy",
                                "access_rules": [
                                    "powder"
                                ]
                            }
                        ],
                        "map_locations": [
                            {
                                "map": "map",
                                "x": 2924,
                                "y": 1335
                            }
                        ]
                    },
                    {
                        "name": "Fairy's coast",
                        "sections": [
                            {
                                "item_count": 1
                            }
                        ],
                        "map_locations": [
                            {
                                "map": "map",
                                "x": 247,
                                "y": 1207
                            }
                        ]
                    },
                    {
                        "name": "Library (present)",
                        "access_rules": [
                            "librarykey"
                        ],
                        "sections": [
                            {
                                "item_count": 1
                            }
                        ],
                        "map_locations": [
                            {
                                "map": "map",
                                "x": 847,
                                "y": 1308
                            }
                        ]
                    },
                    {
                        "name": "Library (past)",
                        "access_rules": [
                            "librarykey"
                        ],
                        "sections": [
                            {
                                "access_rules": [
                                    "{}",
                                    "book",
                                    "feather, satchel, pegasusseeds, bombs, book",
                                    "[l_hard], feather, satchel, pegasusseeds, bombs"
                                ],
                                "item_count": 1
                            }
                        ],
                        "map_locations": [
                            {
                                "map": "map",
                                "x": 3187,
                                "y": 1308
                            }
                        ]
                    },
                    {
                        "name": "Zora Seas South",
                        "access_rules": [
                            "curefairy"
                        ],
                        "sections": [
                            {
                                "item_count": 1
                            }
                        ],
                        "map_locations": [
                            {
                                "map": "map",
                                "x": 887,
                                "y": 1703
                            }
                        ]
                    },
                    {
                        "name": "Under Fisher's Island",
                        "access_rules": [
                            "hook2"
                        ],
                        "sections": [
                            {
                                "item_count": 1
                            }
                        ],
                        "map_locations": [
                            {
                                "map": "map",
                                "x": 769,
                                "y": 1630
                            }
                        ]
                    },
                    {
                        "name": "Jabu-Jabu Area",
                        "sections": [
                            {
                                "name": "Enter Jabu-Jabu's Belly (D7)",
                                "access_rules": [
                                    "enterjabu"
                                ],
                                "chest_unopened_img": "images/bosses/d7.png",
                                "chest_opened_img": "images/bosses/d7.png"
                            },
                            {
                                "name": "Zora Reward after collecting D7 Essence",
                                "access_rules": [
                                    "d7"
                                ]
                            }
                        ],
                        "map_locations": [
                            {
                                "map": "map",
                                "x": 56,
                                "y": 1383
                            }
                        ]
                    }
                ]
            },
            {
                "name": "Sea of Storms/No Return",
                "access_rules": [],
                "children": [
                    {
                        "name": "Sea of Storms Underwater Cave",
                        "access_rules": [
                            "$lynna_village, mermaid, scale"
                        ],
                        "sections": [
                            {
                                "item_count": 1,
                                "access_rules": []
                            }
                        ],
                        "map_locations": [
                            {
                                "map": "map",
                                "x": 3551,
                                "y": 1620
                            }
                        ]
                    },
                    {
                        "name": "Pirate Ship Captains Reward",
                        "access_rules": [
                            "$lynna_village, mermaid, scale"
                        ],
                        "sections": [
                            {
                                "item_count": 1,
                                "access_rules": []
                            }
                        ],
                        "map_locations": [
                            {
                                "map": "map",
                                "x": 3443,
                                "y": 1581
                            }
                        ]
                    },
                    {
                        "name": "Sarcophagus Chest",
                        "access_rules": [
                            "$d8_entrance, lift2",
                            "[l_hard], $d8_entrance_h, lift2"
                        ],
                        "sections": [
                            {
                                "item_count": 1,
                                "access_rules": []
                            }
                        ],
                        "map_locations": [
                            {
                                "map": "map",
                                "x": 4475,
                                "y": 835
                            }
                        ]
                    },
                    {
                        "name": "Enter Ancient Tomb (D8)",
                        "access_rules": [
                            "$d8_entrance",
                            "[l_hard], $d8_entrance_h"
                        ],
                        "sections": [
                            {
                                "chest_unopened_img": "images/bosses/d8.png",
                                "chest_opened_img": "images/bosses/d8.png"
                            }
                        ],
                        "map_locations": [
                            {
                                "map": "map",
                                "x": 4339,
                                "y": 662
                            }
                        ]
                    }
                ]
            }
        ]
    }
]