﻿{
  "tracker_broadcast": {
      "type": "array",
      "background": "#FF000000",
      "orientation": "vertical",
      "margin": "1,1",
      "content": [
          {
              "type": "itemgrid",
              "h_alignment": "center",
              "item_margin": "1,1",
              "item_size": 36,
              "rows": [
                  ["sword", "shield1", "lift1", "shooter", "flippers", "cane", "shovel"],
                  ["feather", "hook1", "bombs", "satchel", "boomerang", "harp", "flute"],
                  ["gravekey", "tuninut", "crownkey", "d6keypast", "d6keypresent", "powder", "eyeball"]
              ]
          },
          {
              "type": "itemgrid",
              "h_alignment": "center",
              "v_alignment": "center",
              "margin": "15,0,0,0",
              "item_margin": "5,0",
              "item_size": 45,
              "rows": [
                  ["d1",  "d2", "d3", "d4"]
              ]
          },
          {
            "type": "itemgrid",
            "h_alignment": "center",
            "v_alignment": "center",
            "margin": "40,0,0,0",
            "item_margin": "5,0",
            "item_size": 45,
            "rows": [
                ["d5", "d6", "d7", "d8"]
            ]
        }
      ]
  }
}