﻿{
    "tracker_broadcast": {
        "type": "array",
        "background": "#212121",
        "orientation": "vertical",
        "margin": "1,10",
        "content": [
            {
                "type": "itemgrid",
                "h_alignment": "center",
                "margin": "3,0,0,0",
                "item_margin": "-2,1",
                "item_size": 33,
                "rows": [
                    [
                        "sword",
                        "foolsore",
                        "shield1",
                        "lift1",
                        "shooter",
                        "flippers",
                        "cane",
                        "rodofseasons",
                        "shovel"
                    ],
                    [
                        "feather",
                        "hook1",
                        "magnet",
                        "slingshot",
                        "bombs",
                        "satchel",
                        "boomerang",
                        "harp",
                        "flute"
                    ]
                ]
            },
            {
                "type": "itemgrid",
                "h_alignment": "center",
                "margin": "4,5,3,0",
                "item_margin": "0,-1",
                "item_size": 29,
                "rows": [
                    [
                        "emberseeds",
                        "mysteryseeds",
                        "scentseeds",
                        "pegasusseeds",
                        "galeseeds",
                        "ring_fist",
                        "ring_expert",
                        "ring_energy",
                        "ring_toss"
                    ]
                ]
            },
            {
                "type": "itemgrid",
                "h_alignment": "center",
                "item_margin": "1,1",
                "item_size": 36,
                "rows": [
                    [
                        "gloves",
                        "cheval",
                        "chart",
                        "seedling",
                        "librarykey",
                        "book",
                        "scale"
                    ],
                    [
                        "bombflower",
                        "emblem",
                        "brisket",
                        "vase",
                        "lavajuice",
                        "goronade",
                        "letter"
                    ],
                    [
                        "gravekey",
                        "tuninut",
                        "crownkey",
                        "d6keypast",
                        "d6keypresent",
                        "powder",
                        "eyeball"
                    ]
                ]
            },
            {
                "type": "itemgrid",
                "h_alignment": "center",
                "v_alignment": "center",
                "margin": "15,0,0,0",
                "item_margin": "5,0",
                "item_size": 45,
                "rows": [
                    [
                        "d1",
                        "d2",
                        "d3",
                        "d4"
                    ]
                ]
            },
            {
                "type": "itemgrid",
                "h_alignment": "center",
                "v_alignment": "center",
                "margin": "25,2,0,0",
                "item_margin": "-1,0",
                "item_size": 20,
                "rows": [
                    [
                        "d1sk",
                        "d1bk",
                        "",
                        "d2sk",
                        "d2bk",
                        "",
                        "d3sk",
                        "d3bk",
                        "",
                        "d4sk",
                        "d4bk"
                    ]
                ]
            },
            {
                "type": "itemgrid",
                "h_alignment": "center",
                "v_alignment": "center",
                "margin": "40,2,0,0",
                "item_margin": "5,0",
                "item_size": 45,
                "rows": [
                    [
                        "d5",
                        "d6",
                        "d7",
                        "d8"
                    ]
                ]
            },
            {
                "type": "itemgrid",
                "h_alignment": "center",
                "v_alignment": "center",
                "margin": "50,2,0,0",
                "item_margin": "-2,0",
                "item_size": 20,
                "rows": [
                    [
                        "d5sk",
                        "d5bk",
                        "",
                        "d6_1sk",
                        "d6_2sk",
                        "d6bk",
                        "",
                        "d7sk",
                        "d7bk",
                        "",
                        "d8sk",
                        "d8bk"
                    ]
                ]
            }
        ]
    }
}