[
  //Key Items
  {
    "name": "Sword",
    "type": "progressive",
    "stages": [
      {
        "img": "images/items/sword1.png",
        "codes": "sword, sword1, swordupgrade"
      },
      {
        "img": "images/items/sword2.png",
        "codes": "swordupgrade, sword2, royalsword"
      },
      {
        "img": "images/items/Master Sword.png",
        "codes": "swordupgrade, sword3, mastersword"
      }
    ]
  },
  {
    "name": "Feather",
    "type": "progressive",
    "stages": [
      {
        "img": "images/items/feather.png",
        "codes": "feather"
      },
      {
        "img": "images/items/cape.png",
        "codes": "cape"
      }
    ]
  },
  {
    "name": "Boomerang",
    "type": "progressive",
    "stages": [
      {
        "img": "images/items/boomerang.png",
        "codes": "boomerang"
      },
      {
        "img": "images/items/magicboomerang.png",
        "codes": "magboom"
      }
    ]
  },
  {
    "name": "Seed Shooter",
    "type": "toggle",
    "loop": true,
    "img": "images/items/shooter.png",
    "codes": "shooter"
  },
  {
    "name": "Seed Satchel",
    "type": "toggle",
    "loop": true,
    "img": "images/items/satchel.png",
    "codes": "satchel"
  },
  {
    "name": "Cane of Somaria",
    "type": "toggle",
    "loop": true,
    "img": "images/items/somaria.png",
    "codes": "cane, somaria"
  },
  {
    "name": "Shovel",
    "type": "toggle",
    "loop": true,
    "img": "images/items/shovel.png",
    "codes": "shovel"
  },
  {
    "name": "Bombs",
    "type": "toggle",
    "loop": true,
    "img": "images/items/bombs.png",
    "codes": "bomb, bombs"
  },
  {
    "name": "Flute",
    "type": "toggle",
    "loop": true,
    "img": "images/items/flute.png",
    "codes": "flute, ocarina"
  },
  {
    "name": "Harp",
    "type": "progressive",
    "allow_disabled": true,
    "stages": [
      {
        "img": "images/items/song_echoes.png",
        "codes": "echoes, song1, harpupgrade"
      },
      {
        "img": "images/items/song_currents.png",
        "codes": "currents, song2, harpupgrade"
      },
      {
        "img": "images/items/song_ages.png",
        "codes": "ages, song3, harpupgrade"
      }
    ]
  },
  {
    "name": "Shield",
    "type": "progressive",
    "stages": [
      {
        "img": "images/items/shield1.png",
        "codes": "shield, shield1"
      },
      {
        "img": "images/items/shield2.png",
        "codes": "shield2"
      }
    ]
  },
  {
    "name": "Zora's Flippers/Mermaid Suit",
    "type": "progressive",
    "stages": [
      {
        "img": "images/items/flippers.png",
        "codes": "flippers, swim, swim1, swimupgrade"
      },
      {
        "img": "images/items/mermaid.png",
        "codes": "mermaid, swim2, swimupgrade"
      }
    ]
  },
  {
    "name": "Power Bracelet/Gloves",
    "type": "progressive",
    "stages": [
      {
        "img": "images/items/powerbracelet.png",
        "codes": "bracelet, bracelet1, lift1, liftupgrade"
      },
      {
        "img": "images/items/powergloves.png",
        "codes": "bracelet2, lift2, liftupgrade"
      }
    ]
  },
  {
    "name": "Switch Hook",
    "type": "progressive",
    "stages": [
      {
        "img": "images/items/switchhook1.png",
        "codes": "hook1, hookupgrade"
      },
      {
        "img": "images/items/switchhook2.png",
        "codes": "hook2, hookupgrade"
      }
    ]
  },
  // Rings
  {
    "name": "Fist Ring",
    "type": "toggle",
    "loop": true,
    "img": "images/items/ring_fist.png",
    "codes": "ring_fist"
  },
  {
    "name": "Expert's Ring",
    "type": "toggle",
    "loop": true,
    "img": "images/items/ring_expert.png",
    "codes": "ring_expert"
  },
  {
    "name": "Energy Ring",
    "type": "toggle",
    "loop": true,
    "img": "images/items/ring_energy.png",
    "codes": "ring_energy"
  },
  {
    "name": "Toss Ring",
    "type": "toggle",
    "loop": true,
    "img": "images/items/ring_toss.png",
    "codes": "ring_toss"
  },
  {
    "name": "Peace Ring",
    "type": "toggle",
    "loop": true,
    "img": "images/items/ring_peace.png",
    "codes": "ring_peace"
  },
  //Misc. Progression Items
  {
    "name": "Cheval Rope",
    "type": "toggle",
    "loop": true,
    "img": "images/items/cheval.png",
    "codes": "cheval, chevalrope"
  },
  {
    "name": "Island Chart",
    "type": "toggle",
    "loop": true,
    "img": "images/items/chart.png",
    "codes": "chart, islandchart"
  },
  {
    "name": "Ricky's Gloves",
    "type": "toggle",
    "loop": true,
    "img": "images/items/gloves.png",
    "codes": "gloves, rickygloves"
  },
  {
    "name": "Scent Seedling",
    "type": "toggle",
    "loop": true,
    "img": "images/items/seedling.png",
    "codes": "seedling"
  },
  {
    "name": "Bomb Flower",
    "type": "toggle",
    "loop": true,
    "img": "images/items/bombflower.png",
    "codes": "bombflower"
  },
  {
    "name": "Zora Scale",
    "type": "toggle",
    "loop": true,
    "img": "images/items/scale.png",
    "codes": "scale, zorascale"
  },
  {
    "name": "Goron Emblem",
    "type": "toggle",
    "loop": true,
    "img": "images/items/emblem.png",
    "codes": "emblem, goronemblem"
  },
  {
    "name": "Letter of Introduction",
    "type": "toggle",
    "loop": true,
    "img": "images/items/letter.png",
    "codes": "letter, introduction"
  },
  {
    "name": "Lava Juice",
    "type": "toggle",
    "loop": true,
    "img": "images/items/lavajuice.png",
    "codes": "lavajuice"
  },
  {
    "name": "Goron Vase",
    "type": "toggle",
    "loop": true,
    "img": "images/items/vase.png",
    "codes": "vase"
  },
  {
    "name": "Goronade",
    "type": "toggle",
    "loop": true,
    "img": "images/items/goronade.png",
    "codes": "goronade"
  },
  {
    "name": "Rock Brisket",
    "type": "toggle",
    "loop": true,
    "img": "images/items/brisket.png",
    "codes": "brisket"
  },
  {
    "name": "Library Key",
    "type": "toggle",
    "loop": true,
    "img": "images/items/keylibrary.png",
    "codes": "librarykey"
  },
  {
    "name": "Book of Seals",
    "type": "toggle",
    "loop": true,
    "img": "images/items/book.png",
    "codes": "book"
  },
  // D1 Access
  {
    "name": "Graveyard Key",
    "type": "toggle",
    "loop": true,
    "img": "images/items/keygraveyard.png",
    "codes": "d1key, gravekey"
  },
  // D4 Access
  //{
  //  "name": "Tuni Nut",
  //  "type": "progressive",
  //  "stages": [
  //    {
  //      "img": "images/items/tuninut.png",
  //      "codes": "tuninut, tuniupgrade"
  //    },
  //    {
  //      "img": "images/items/tuninut_repaired.png",
  //      "codes": "repairednut, tuniupgrade"
  //    }
  //  ]
  //},
  {
    "name": "Tuni Nut Broken",
    "type": "toggle",
    //"loop": true,
    "img": "images/items/tuninut.png",
    "codes": "tuninut"
  },
  {
    "name": "Tuni Nut Repaired",
    "type": "toggle",
    //"loop": true,
    "img": "images/items/tuninut_repaired.png",
    "codes": "repairednut"
  },
  {
    "name": "Both Tuni Nuts",
    "type": "composite_toggle",
    "item_left": "repairednut",
    "item_right": "tuninut",
    "codes": "bothtuninuts",
    "images": [
      {
        "left": false,
        "right": false,
        "img": "images/items/bothtuni_a.png"
      },
      {
        "left": true,
        "right": false,
        "img": "images/items/bothtuni_b.png"
      },
      {
        "left": false,
        "right": true,
        "img": "images/items/bothtuni_c.png"
      },
      {
        "left": true,
        "right": true,
        "img": "images/items/bothtuni_d.png"
      }
    ]
  },
  // D5 Access
  {
    "name": "Crown Key",
    "type": "toggle",
    "loop": true,
    "img": "images/items/keycrown.png",
    "codes": "d5key, crownkey"
  },
  // D6 Access (Past)
  {
    "name": "Mermaid Key",
    "type": "toggle",
    "loop": true,
    "img": "images/items/keymermaid.png",
    "codes": "d6keypast"
  },
  // D6 Access (Present)
  {
    "name": "Old Mermaid Key",
    "type": "toggle",
    "loop": true,
    "img": "images/items/keymermaid_old.png",
    "codes": "d6keypresent"
  },
  // D8 Access
  {
    "name": "Tokay Eyeball",
    "type": "toggle",
    "loop": true,
    "img": "images/items/eyeball.png",
    "codes": "eyeball"
  },
  // Essences of Time
  {
    "name": "Eternal Spirit",
    "type": "toggle",
    "loop": true,
    "img": "images/essences/d1.png",
    "codes": "d1"
  },
  {
    "name": "Ancient Wood",
    "type": "toggle",
    "loop": true,
    "img": "images/essences/d2.png",
    "codes": "d2"
  },
  {
    "name": "Echoing Howl",
    "type": "toggle",
    "loop": true,
    "img": "images/essences/d3.png",
    "codes": "d3"
  },
  {
    "name": "Burning Flame",
    "type": "toggle",
    "loop": true,
    "img": "images/essences/d4.png",
    "codes": "d4"
  },
  {
    "name": "Sacred Soil",
    "type": "toggle",
    "loop": true,
    "img": "images/essences/d5.png",
    "codes": "d5"
  },
  {
    "name": "Lonely Peak",
    "type": "toggle",
    "loop": true,
    "img": "images/essences/d6.png",
    "codes": "d6"
  },
  {
    "name": "Rolling Sea",
    "type": "toggle",
    "loop": true,
    "img": "images/essences/d7.png",
    "codes": "d7"
  },
  {
    "name": "Falling Star",
    "type": "toggle",
    "loop": true,
    "img": "images/essences/d8.png",
    "codes": "d8"
  },
  // Seeds
  {
    "name": "Ember Seeds",
    "type": "toggle",
    "loop": true,
    "img": "images/items/seedember.png",
    "codes": "emberseeds"
  },
  {
    "name": "Mystery Seeds",
    "type": "toggle",
    "loop": true,
    "img": "images/items/seedmystery.png",
    "codes": "mysteryseeds"
  },
  {
    "name": "Scent Seeds",
    "type": "toggle",
    "loop": true,
    "img": "images/items/seedscent.png",
    "codes": "scentseeds"
  },
  {
    "name": "Pegasus Seeds",
    "type": "toggle",
    "loop": true,
    "img": "images/items/seedpegasus.png",
    "codes": "pegasusseeds"
  },
  {
    "name": "Gale Seeds",
    "type": "toggle",
    "loop": true,
    "img": "images/items/seedgale.png",
    "codes": "galeseeds"
  },
  // Carpenters
  {
    "name": "Carpenter Boss",
    "type": "toggle",
    "img": "images/items/carpenter.png",
    "codes": "carpenterboss"
  },
  {
    "name": "Carpenter 1",
    "type": "toggle",
    "img": "images/items/carpenter.png",
    "codes": "carpenter1"
  },
  {
    "name": "Carpenter 2",
    "type": "toggle",
    "img": "images/items/carpenter.png",
    "codes": "carpenter2"
  },
  {
    "name": "Carpenter 3",
    "type": "toggle",
    "img": "images/items/carpenter.png",
    "codes": "carpenter3"
  },
  // Dungeon Keys
  {
    "name": "D1 Small Keys",
    "type": "consumable",
    "codes": "d1sk",
    "max_quantity": 3,
    "img": "images/items/smallkey.png"
  },
  {
    "name": "D2 Small Keys",
    "type": "consumable",
    "codes": "d2sk",
    "max_quantity": 5,
    "img": "images/items/smallkey.png"
  },
  {
    "name": "D3 Small Keys",
    "type": "consumable",
    "codes": "d3sk",
    "max_quantity": 4,
    "img": "images/items/smallkey.png"
  },
  {
    "name": "D4 Small Keys",
    "type": "consumable",
    "codes": "d4sk",
    "max_quantity": 5,
    "img": "images/items/smallkey.png"
  },
  {
    "name": "D5 Small Keys",
    "type": "consumable",
    "codes": "d5sk",
    "max_quantity": 5,
    "img": "images/items/smallkey.png"
  },
  {
    "name": "D6 Past Small Keys",
    "type": "consumable",
    "codes": "d6_1sk",
    "max_quantity": 3,
    "img": "images/items/smallkey.png"
  },
  {
    "name": "D6 Present Small Keys",
    "type": "consumable",
    "codes": "d6_2sk",
    "max_quantity": 3,
    "img": "images/items/smallkey.png"
  },
  {
    "name": "D7 Small Keys",
    "type": "consumable",
    "codes": "d7sk",
    "max_quantity": 7,
    "img": "images/items/smallkey.png"
  },
  {
    "name": "D8 Small Keys",
    "type": "consumable",
    "codes": "d8sk",
    "max_quantity": 5,
    "img": "images/items/smallkey.png"
  },
  {
    "name": "D8 Slates",
    "type": "consumable",
    "codes": "d8slate",
    "max_quantity": 4,
    "img": "images/items/slate.png"
  },
  {
    "name": "D1 Boss Key",
    "type": "toggle",
    "codes": "d1bk",
    "img": "images/items/bosskey.png"
  },
  {
    "name": "D2 Boss Key",
    "type": "toggle",
    "codes": "d2bk",
    "img": "images/items/bosskey.png"
  },
  {
    "name": "D3 Boss Key",
    "type": "toggle",
    "codes": "d3bk",
    "img": "images/items/bosskey.png"
  },
  {
    "name": "D4 Boss Key",
    "type": "toggle",
    "codes": "d4bk",
    "img": "images/items/bosskey.png"
  },
  {
    "name": "D5 Boss Key",
    "type": "toggle",
    "codes": "d5bk",
    "img": "images/items/bosskey.png"
  },
  {
    "name": "D6 Boss Key",
    "type": "toggle",
    "codes": "d6bk",
    "img": "images/items/bosskey.png"
  },
  {
    "name": "D7 Boss Key",
    "type": "toggle",
    "codes": "d7bk",
    "img": "images/items/bosskey.png"
  },
  {
    "name": "D8 Boss Key",
    "type": "toggle",
    "codes": "d8bk",
    "img": "images/items/bosskey.png"
  },
  // OPTIONS
  {
    "name": "Required Essence",
    "type": "consumable",
    "codes": "allessence",
    "max_quantity": 8,
    "initial_quantity": 0,
    "allow_disabled": false,
    "overlay_font_size": 28,
    "overlay_align": "center",
    "img": "images/essences/essences.png"
  },
  {
    "name": "Animal Companion",
    "type": "progressive",
    "allow_disabled": false,
    "loop": true,
    "stages": [
      {
        "codes": "companions",
        "inherit_codes": false,
        "img": "images/items/companions.png"
      },
      {
        "codes": "nuun_ricky,companions",
        "inherit_codes": false,
        "img": "images/items/ricky.png"
      },
      {
        "codes": "nuun_dimitri,companions",
        "inherit_codes": false,
        "img": "images/items/dimitri.png"
      },
      {
        "codes": "nuun_moosh,companions",
        "inherit_codes": false,
        "img": "images/items/moosh.png"
      }
    ]
  },
  // Tree Warp
  {
    "name": "Tree Warp?",
    "type": "progressive",
    "allow_disabled": false,
    "loop": true,
    "stages": [
      {
        "img": "images/items/treewarp_off.png",
        "codes": "notreewarp",
        "inherit_codes": false
      },
      {
        "img": "images/items/treewarp_on.png",
        "codes": "treewarp",
        "inherit_codes": false
      }
    ]
  },
  // LOGIC
  {
    "name": "Logic",
    "type": "progressive",
    "allow_disabled": false,
    "loop": true,
    "stages": [
      {
        "img": "images/items/l_bas.png",
        "codes": "l_bas",
        "inherit_codes": false
      },
      {
        "img": "images/items/l_hard.png",
        "codes": "l_hard",
        "inherit_codes": false
      }
    ]
  },
  //{
  //  "name": "Trick Logic",
  //  "type": "toggle",
  //  "loop": true,
  //  "codes": "trick"
  //},
  // Dungeon Entrance Rando Setting
  {
    "name": "Dungeon Entrance Rando?",
    "type": "progressive",
    "allow_disabled": false,
    "loop": true,
    "stages": [
      {
        "codes": "dungeon_er_off",
        "inherit_codes": false,
        "img": "images/items/dungeon_er_off.png"
      },
      {
        "codes": "dungeon_er_on",
        "inherit_codes": false,
        "img": "images/items/dungeon_er_on.png"
      }
    ]
  },
  // GO MODE MAKU SEED
  {
    "name": "Maku Seed",
    "type": "toggle",
    "loop": true,
    "img": "images/items/makuseed.png",
    "codes": "makuseed"
  },
  // RAFT
  {
    "name": "Raft",
    "type": "toggle",
    "loop": true,
    "img": "images/items/raft.png",
    "codes": "raft"
  },
  // Potion to Cleanse the Seas
  {
    "name": "Fairy Powder",
    "type": "toggle",
    "loop": true,
    "img": "images/items/powder.png",
    "codes": "powder"
  },
  {
    "name": "Magic Potion",
    "type": "toggle",
    "loop": true,
    "img": "images/items/potion.png",
    "codes": "potion"
  },
  {
    "name": "Powder/Potion",
    "type": "composite_toggle",
    "item_left": "powder",
    "item_right": "potion",
    "codes": "powderpotion",
    "images": [
      {
        "left": false,
        "right": false,
        "img": "images/items/powderpotion_a.png"
      },
      {
        "left": true,
        "right": false,
        "img": "images/items/powderpotion_b.png"
      },
      {
        "left": false,
        "right": true,
        "img": "images/items/powderpotion_c.png"
      },
      {
        "left": true,
        "right": true,
        "img": "images/items/powderpotion_d.png"
      }
    ]
  },
  // Fairy Queen to Cleanse the Seas
  {
    "name": "Fairy Queen",
    "type": "toggle",
    "loop": true,
    "img": "images/items/greatfairy.png",
    "codes": "curefairy"
  },
  // Maku Path Key
  {
    "name": "Maku Path Small Key",
    "type": "toggle",
    "loop": true,
    "img": "images/items/smallkey.png",
    "codes": "pathkey"
  },
  // Turn in Seedling
  {
    "name": "Turn in Seedling to Crescent",
    "type": "toggle",
    "loop": true,
    "img": "images/items/seedling.png",
    "codes": "turninseedling"
  },
  // King Zora/Jabu
  {
    "name": "King Zora",
    "type": "toggle",
    "loop": true,
    "img": "images/items/kingzora.png",
    "codes": "curezora"
  },
  {
    "name": "Jabu Entrance",
    "type": "toggle",
    "loop": true,
    "img": "images/items/jabu.png",
    "codes": "enterjabu"
  },
  // Dungeon Entrances
  {
    "name": "D1 Entrance",
    "type": "toggle",
    "loop": true,
    "allow_disabled": false,
    "img": "images/dungeons/d1_entrance.png",
    "codes": "d1er"
  },
  {
    "name": "D2 Present Entrance",
    "type": "toggle",
    "loop": true,
    "allow_disabled": false,
    "img": "images/dungeons/d2_entrance.png",
    "codes": "d2er"
  },
  {
    "name": "D2 Past Entrance",
    "type": "toggle",
    "loop": true,
    "allow_disabled": false,
    "img": "images/dungeons/d2_past_entrance.png",
    "codes": "d2paster"
  },
  {
    "name": "D3 Entrance",
    "type": "toggle",
    "loop": true,
    "allow_disabled": false,
    "img": "images/dungeons/d3_entrance.png",
    "codes": "d3er"
  },
  {
    "name": "D4 Entrance",
    "type": "toggle",
    "loop": true,
    "allow_disabled": false,
    "img": "images/dungeons/d4_entrance.png",
    "codes": "d4er"
  },
  {
    "name": "D5 Entrance",
    "type": "toggle",
    "loop": true,
    "allow_disabled": false,
    "img": "images/dungeons/d5_entrance.png",
    "codes": "d5er"
  },
  {
    "name": "D6 PAST Entrance",
    "type": "toggle",
    "loop": true,
    "allow_disabled": false,
    "img": "images/dungeons/d6_past_entrance.png",
    "codes": "d6older"
  },
  {
    "name": "D6 PRESENT Entrance",
    "type": "toggle",
    "loop": true,
    "allow_disabled": false,
    "img": "images/dungeons/d6_present_entrance.png",
    "codes": "d6newer"
  },
  {
    "name": "D7 Entrance",
    "type": "toggle",
    "loop": true,
    "allow_disabled": false,
    "img": "images/dungeons/d7_entrance.png",
    "codes": "d7er"
  },
  {
    "name": "D8 Entrance",
    "type": "toggle",
    "loop": true,
    "allow_disabled": false,
    "img": "images/dungeons/d8_entrance.png",
    "codes": "d8er"
  },
  // Dungeon Texts (lots of duplicates here to make it work lol)
  {
    "name": "D1 Dungeon Entrances",
    "type": "progressive",
    "allow_disabled": false,
    "loop": true,
    "stages": [
      {
        "codes": "questionmark1",
        "inherit_codes": false,
        "img": "images/dungeons/questionlabel.png"
      },
      {
        "codes": "spiritsgrave1",
        "inherit_codes": false,
        "img": "images/dungeons/d1_entrance.png"
      },
      {
        "codes": "wingdungeonpast1",
        "inherit_codes": false,
        "img": "images/dungeons/d2_past_entrance.png"
      },
      {
        "codes": "wingdungeonpresent1",
        "inherit_codes": false,
        "img": "images/dungeons/d2_entrance.png"
      },
      {
        "codes": "moonlitgrotto1",
        "inherit_codes": false,
        "img": "images/dungeons/d3_entrance.png"
      },
      {
        "codes": "skulldungeon1",
        "inherit_codes": false,
        "img": "images/dungeons/d4_entrance.png"
      },
      {
        "codes": "crowndungeon1",
        "inherit_codes": false,
        "img": "images/dungeons/d5_entrance.png"
      },
      {
        "codes": "mermaidscavepast1",
        "inherit_codes": false,
        "img": "images/dungeons/d6_past_entrance.png"
      },
      {
        "codes": "mermaidscavepresent1",
        "inherit_codes": false,
        "img": "images/dungeons/d6_present_entrance.png"
      },
      {
        "codes": "jabujabusbelly1",
        "inherit_codes": false,
        "img": "images/dungeons/d7_entrance.png"
      },
      {
        "codes": "ancienttomb1",
        "inherit_codes": false,
        "img": "images/dungeons/d8_entrance.png"
      }
    ]
  },
  {
    "name": "D2 Dungeon Entrances",
    "type": "progressive",
    "allow_disabled": false,
    "loop": true,
    "stages": [
      {
        "codes": "questionmark2",
        "inherit_codes": false,
        "img": "images/dungeons/questionlabel.png"
      },
      {
        "codes": "spiritsgrave2",
        "inherit_codes": false,
        "img": "images/dungeons/d1_entrance.png"
      },
      {
        "codes": "wingdungeonpast2",
        "inherit_codes": false,
        "img": "images/dungeons/d2_past_entrance.png"
      },
      {
        "codes": "wingdungeonpresent2",
        "inherit_codes": false,
        "img": "images/dungeons/d2_entrance.png"
      },
      {
        "codes": "moonlitgrotto2",
        "inherit_codes": false,
        "img": "images/dungeons/d3_entrance.png"
      },
      {
        "codes": "skulldungeon2",
        "inherit_codes": false,
        "img": "images/dungeons/d4_entrance.png"
      },
      {
        "codes": "crowndungeon2",
        "inherit_codes": false,
        "img": "images/dungeons/d5_entrance.png"
      },
      {
        "codes": "mermaidscavepast2",
        "inherit_codes": false,
        "img": "images/dungeons/d6_past_entrance.png"
      },
      {
        "codes": "mermaidscavepresent2",
        "inherit_codes": false,
        "img": "images/dungeons/d6_present_entrance.png"
      },
      {
        "codes": "jabujabusbelly2",
        "inherit_codes": false,
        "img": "images/dungeons/d7_entrance.png"
      },
      {
        "codes": "ancienttomb2",
        "inherit_codes": false,
        "img": "images/dungeons/d8_entrance.png"
      }
    ]
  },
  {
    "name": "D3 Dungeon Entrances",
    "type": "progressive",
    "allow_disabled": false,
    "loop": true,
    "stages": [
      {
        "codes": "questionmark3",
        "inherit_codes": false,
        "img": "images/dungeons/questionlabel.png"
      },
      {
        "codes": "spiritsgrave3",
        "inherit_codes": false,
        "img": "images/dungeons/d1_entrance.png"
      },
      {
        "codes": "wingdungeonpast3",
        "inherit_codes": false,
        "img": "images/dungeons/d2_past_entrance.png"
      },
      {
        "codes": "wingdungeonpresent3",
        "inherit_codes": false,
        "img": "images/dungeons/d2_entrance.png"
      },
      {
        "codes": "moonlitgrotto3",
        "inherit_codes": false,
        "img": "images/dungeons/d3_entrance.png"
      },
      {
        "codes": "skulldungeon3",
        "inherit_codes": false,
        "img": "images/dungeons/d4_entrance.png"
      },
      {
        "codes": "crowndungeon3",
        "inherit_codes": false,
        "img": "images/dungeons/d5_entrance.png"
      },
      {
        "codes": "mermaidscavepast3",
        "inherit_codes": false,
        "img": "images/dungeons/d6_past_entrance.png"
      },
      {
        "codes": "mermaidscavepresent3",
        "inherit_codes": false,
        "img": "images/dungeons/d6_present_entrance.png"
      },
      {
        "codes": "jabujabusbelly3",
        "inherit_codes": false,
        "img": "images/dungeons/d7_entrance.png"
      },
      {
        "codes": "ancienttomb3",
        "inherit_codes": false,
        "img": "images/dungeons/d8_entrance.png"
      }
    ]
  },
  {
    "name": "D4 Dungeon Entrances",
    "type": "progressive",
    "allow_disabled": false,
    "loop": true,
    "stages": [
      {
        "codes": "questionmark4",
        "inherit_codes": false,
        "img": "images/dungeons/questionlabel.png"
      },
      {
        "codes": "spiritsgrave4",
        "inherit_codes": false,
        "img": "images/dungeons/d1_entrance.png"
      },
      {
        "codes": "wingdungeonpast4",
        "inherit_codes": false,
        "img": "images/dungeons/d2_past_entrance.png"
      },
      {
        "codes": "wingdungeonpresent4",
        "inherit_codes": false,
        "img": "images/dungeons/d2_entrance.png"
      },
      {
        "codes": "moonlitgrotto4",
        "inherit_codes": false,
        "img": "images/dungeons/d3_entrance.png"
      },
      {
        "codes": "skulldungeon4",
        "inherit_codes": false,
        "img": "images/dungeons/d4_entrance.png"
      },
      {
        "codes": "crowndungeon4",
        "inherit_codes": false,
        "img": "images/dungeons/d5_entrance.png"
      },
      {
        "codes": "mermaidscavepast4",
        "inherit_codes": false,
        "img": "images/dungeons/d6_past_entrance.png"
      },
      {
        "codes": "mermaidscavepresent4",
        "inherit_codes": false,
        "img": "images/dungeons/d6_present_entrance.png"
      },
      {
        "codes": "jabujabusbelly4",
        "inherit_codes": false,
        "img": "images/dungeons/d7_entrance.png"
      },
      {
        "codes": "ancienttomb4",
        "inherit_codes": false,
        "img": "images/dungeons/d8_entrance.png"
      }
    ]
  },
  {
    "name": "D5 Dungeon Entrances",
    "type": "progressive",
    "allow_disabled": false,
    "loop": true,
    "stages": [
      {
        "codes": "questionmark5",
        "inherit_codes": false,
        "img": "images/dungeons/questionlabel.png"
      },
      {
        "codes": "spiritsgrave5",
        "inherit_codes": false,
        "img": "images/dungeons/d1_entrance.png"
      },
      {
        "codes": "wingdungeonpast5",
        "inherit_codes": false,
        "img": "images/dungeons/d2_past_entrance.png"
      },
      {
        "codes": "wingdungeonpresent5",
        "inherit_codes": false,
        "img": "images/dungeons/d2_entrance.png"
      },
      {
        "codes": "moonlitgrotto5",
        "inherit_codes": false,
        "img": "images/dungeons/d3_entrance.png"
      },
      {
        "codes": "skulldungeon5",
        "inherit_codes": false,
        "img": "images/dungeons/d4_entrance.png"
      },
      {
        "codes": "crowndungeon5",
        "inherit_codes": false,
        "img": "images/dungeons/d5_entrance.png"
      },
      {
        "codes": "mermaidscavepast5",
        "inherit_codes": false,
        "img": "images/dungeons/d6_past_entrance.png"
      },
      {
        "codes": "mermaidscavepresent5",
        "inherit_codes": false,
        "img": "images/dungeons/d6_present_entrance.png"
      },
      {
        "codes": "jabujabusbelly5",
        "inherit_codes": false,
        "img": "images/dungeons/d7_entrance.png"
      },
      {
        "codes": "ancienttomb5",
        "inherit_codes": false,
        "img": "images/dungeons/d8_entrance.png"
      }
    ]
  },
  {
    "name": "D6 Past Dungeon Entrances",
    "type": "progressive",
    "allow_disabled": false,
    "loop": true,
    "stages": [
      {
        "codes": "questionmark6p",
        "inherit_codes": false,
        "img": "images/dungeons/questionlabel.png"
      },
      {
        "codes": "spiritsgrave6p",
        "inherit_codes": false,
        "img": "images/dungeons/d1_entrance.png"
      },
      {
        "codes": "wingdungeonpast6p",
        "inherit_codes": false,
        "img": "images/dungeons/d2_past_entrance.png"
      },
      {
        "codes": "wingdungeonpresent6p",
        "inherit_codes": false,
        "img": "images/dungeons/d2_entrance.png"
      },
      {
        "codes": "moonlitgrotto6p",
        "inherit_codes": false,
        "img": "images/dungeons/d3_entrance.png"
      },
      {
        "codes": "skulldungeon6p",
        "inherit_codes": false,
        "img": "images/dungeons/d4_entrance.png"
      },
      {
        "codes": "crowndungeon6p",
        "inherit_codes": false,
        "img": "images/dungeons/d5_entrance.png"
      },
      {
        "codes": "mermaidscavepast6p",
        "inherit_codes": false,
        "img": "images/dungeons/d6_past_entrance.png"
      },
      {
        "codes": "mermaidscavepresent6p",
        "inherit_codes": false,
        "img": "images/dungeons/d6_present_entrance.png"
      },
      {
        "codes": "jabujabusbelly6p",
        "inherit_codes": false,
        "img": "images/dungeons/d7_entrance.png"
      },
      {
        "codes": "ancienttomb6p",
        "inherit_codes": false,
        "img": "images/dungeons/d8_entrance.png"
      }
    ]
  },
  {
    "name": "D6 Present Dungeon Entrances",
    "type": "progressive",
    "allow_disabled": false,
    "loop": true,
    "stages": [
      {
        "codes": "questionmark6",
        "inherit_codes": false,
        "img": "images/dungeons/questionlabel.png"
      },
      {
        "codes": "spiritsgrave6",
        "inherit_codes": false,
        "img": "images/dungeons/d1_entrance.png"
      },
      {
        "codes": "wingdungeonpast6",
        "inherit_codes": false,
        "img": "images/dungeons/d2_past_entrance.png"
      },
      {
        "codes": "wingdungeonpresent6",
        "inherit_codes": false,
        "img": "images/dungeons/d2_entrance.png"
      },
      {
        "codes": "moonlitgrotto6",
        "inherit_codes": false,
        "img": "images/dungeons/d3_entrance.png"
      },
      {
        "codes": "skulldungeon6",
        "inherit_codes": false,
        "img": "images/dungeons/d4_entrance.png"
      },
      {
        "codes": "crowndungeon6",
        "inherit_codes": false,
        "img": "images/dungeons/d5_entrance.png"
      },
      {
        "codes": "mermaidscavepast6",
        "inherit_codes": false,
        "img": "images/dungeons/d6_past_entrance.png"
      },
      {
        "codes": "mermaidscavepresent6",
        "inherit_codes": false,
        "img": "images/dungeons/d6_present_entrance.png"
      },
      {
        "codes": "jabujabusbelly6",
        "inherit_codes": false,
        "img": "images/dungeons/d7_entrance.png"
      },
      {
        "codes": "ancienttomb6",
        "inherit_codes": false,
        "img": "images/dungeons/d8_entrance.png"
      }
    ]
  },
  {
    "name": "D7 Dungeon Entrances",
    "type": "progressive",
    "allow_disabled": false,
    "loop": true,
    "stages": [
      {
        "codes": "questionmark7",
        "inherit_codes": false,
        "img": "images/dungeons/questionlabel.png"
      },
      {
        "codes": "spiritsgrave7",
        "inherit_codes": false,
        "img": "images/dungeons/d1_entrance.png"
      },
      {
        "codes": "wingdungeonpast7",
        "inherit_codes": false,
        "img": "images/dungeons/d2_past_entrance.png"
      },
      {
        "codes": "wingdungeonpresent7",
        "inherit_codes": false,
        "img": "images/dungeons/d2_entrance.png"
      },
      {
        "codes": "moonlitgrotto7",
        "inherit_codes": false,
        "img": "images/dungeons/d3_entrance.png"
      },
      {
        "codes": "skulldungeon7",
        "inherit_codes": false,
        "img": "images/dungeons/d4_entrance.png"
      },
      {
        "codes": "crowndungeon7",
        "inherit_codes": false,
        "img": "images/dungeons/d5_entrance.png"
      },
      {
        "codes": "mermaidscavepast7",
        "inherit_codes": false,
        "img": "images/dungeons/d6_past_entrance.png"
      },
      {
        "codes": "mermaidscavepresent7",
        "inherit_codes": false,
        "img": "images/dungeons/d6_present_entrance.png"
      },
      {
        "codes": "jabujabusbelly7",
        "inherit_codes": false,
        "img": "images/dungeons/d7_entrance.png"
      },
      {
        "codes": "ancienttomb7",
        "inherit_codes": false,
        "img": "images/dungeons/d8_entrance.png"
      }
    ]
  },
  {
    "name": "D8 Dungeon Entrances",
    "type": "progressive",
    "allow_disabled": false,
    "loop": true,
    "stages": [
      {
        "codes": "questionmark8",
        "inherit_codes": false,
        "img": "images/dungeons/questionlabel.png"
      },
      {
        "codes": "spiritsgrave8",
        "inherit_codes": false,
        "img": "images/dungeons/d1_entrance.png"
      },
      {
        "codes": "wingdungeonpast8",
        "inherit_codes": false,
        "img": "images/dungeons/d2_past_entrance.png"
      },
      {
        "codes": "wingdungeonpresent8",
        "inherit_codes": false,
        "img": "images/dungeons/d2_entrance.png"
      },
      {
        "codes": "moonlitgrotto8",
        "inherit_codes": false,
        "img": "images/dungeons/d3_entrance.png"
      },
      {
        "codes": "skulldungeon8",
        "inherit_codes": false,
        "img": "images/dungeons/d4_entrance.png"
      },
      {
        "codes": "crowndungeon8",
        "inherit_codes": false,
        "img": "images/dungeons/d5_entrance.png"
      },
      {
        "codes": "mermaidscavepast8",
        "inherit_codes": false,
        "img": "images/dungeons/d6_past_entrance.png"
      },
      {
        "codes": "mermaidscavepresent8",
        "inherit_codes": false,
        "img": "images/dungeons/d6_present_entrance.png"
      },
      {
        "codes": "jabujabusbelly8",
        "inherit_codes": false,
        "img": "images/dungeons/d7_entrance.png"
      },
      {
        "codes": "ancienttomb8",
        "inherit_codes": false,
        "img": "images/dungeons/d8_entrance.png"
      }
    ]
  },
  // CROSS-ITEMS LIST
  {
    "name": "Magnet Gloves",
    "type": "toggle",
    "loop": true,
    "img": "images/items/magglovess.png",
    "codes": "magnet"
  },
  {
    "name": "Fool's Ore",
    "type": "toggle",
    "loop": true,
    "img": "images/items/foolsore.png",
    "codes": "foolsore"
  },
  {
    "name": "Slingshot",
    "type": "progressive",
    "stages": [
      {
        "img": "images/items/slingshot.png",
        "codes": "slingshot"
      },
      {
        "img": "images/items/slingshot2.png",
        "codes": "slingshot2"
      }
    ]
  },
  {
    "name": "Rod of Seasons",
    "type": "toggle",
    "loop": true,
    "img": "images/items/rodofseasons.png",
    "codes": "rodofseasons"
  },
  {
    "name": "Biggoron's Sword",
    "type": "toggle",
    "loop": true,
    "img": "images/items/goron sword.png",
    "codes": "bigsword, sword2"
  },
  // TRADE ITEMS
  {
    "name": "Poe Clock",
    "type": "toggle",
    "img": "images/items/Poe Clock.png",
    "codes": "poeclock"
  },
  {
    "name": "Stationary",
    "type": "toggle",
    "img": "images/items/Stationery.png",
    "codes": "stationary"
  },
  {
    "name": "Stink Bag",
    "type": "toggle",
    "img": "images/items/Stink Bag.png",
    "codes": "stinkbag"
  },
  {
    "name": "Tasty Meat",
    "type": "toggle",
    "img": "images/items/Tasty Meat.png",
    "codes": "tastymeat"
  },
  {
    "name": "Doggie Mask",
    "type": "toggle",
    "img": "images/items/Doggie Mask.png",
    "codes": "doggiemask"
  },
  {
    "name": "Dumbbell",
    "type": "toggle",
    "img": "images/items/Dumbbell.png",
    "codes": "dumbbell"
  },
  {
    "name": "Cheesy Mustache",
    "type": "toggle",
    "img": "images/items/Cheesy Mustache.png",
    "codes": "mustache"
  },
  {
    "name": "Funny Joke",
    "type": "toggle",
    "img": "images/items/Funny Joke.png",
    "codes": "funnyjoke"
  },
  {
    "name": "Touching Book",
    "type": "toggle",
    "img": "images/items/Touching Book.png",
    "codes": "touchingbook"
  },
  {
    "name": "Magic Oar",
    "type": "toggle",
    "img": "images/items/Magic Oar.png",
    "codes": "magicoar"
  },
  {
    "name": "Sea Ukulele",
    "type": "toggle",
    "img": "images/items/Sea Ukelele.png",
    "codes": "seaukulele"
  },
  {
    "name": "Broken Sword",
    "type": "toggle",
    "img": "images/items/Broken Sword.png",
    "codes": "brokensword"
  }
]